Team,Accuracy
Team14,67.59543048202842
Team16,65.11563109501253
The rest of team 1,64.41905823349123
Team 13,61.79994427417108
team9,57.42546670381722
Team15,48.87155196433547
TeamXX,46.97687378099749
Team18,30.53775424909445
